date,AveWindSp_ms_mean_in,AveWindSp_ms_median_in,AveWindSp_ms_min_in,AveWindSp_ms_max_in,AveWindSp_ms_sd_in,AveWindSp_ms_mean_1daylag_in,AveWindSp_ms_median_1daylag_in,AveWindSp_ms_min_1daylag_in,AveWindSp_ms_max_1daylag_in,AveWindSp_ms_sd_1daylag_in,AveWindSp_ms_mean_2daylag_in,AveWindSp_ms_median_2daylag_in,AveWindSp_ms_min_2daylag_in,AveWindSp_ms_max_2daylag_in,AveWindSp_ms_sd_2daylag_in,AveWindSp_ms_mean_3daylag_in,AveWindSp_ms_median_3daylag_in,AveWindSp_ms_min_3daylag_in,AveWindSp_ms_max_3daylag_in,AveWindSp_ms_sd_3daylag_in,AveWindSp_ms_mean_1weeklag_in,AveWindSp_ms_median_1weeklag_in,AveWindSp_ms_min_1weeklag_in,AveWindSp_ms_max_1weeklag_in,AveWindSp_ms_sd_1weeklag_in,windsp_cumsum_1day_in,windsp_cumsum_2day_in,AveWindDir_cove_mean,AveWindDir_cove_mean_1daylag,AveWindDir_cove_mean_2daylag,AveWindDir_cove_mean_3daylag,AveWindDir_cove_mean_1weeklag
2009-05-29,NA,NA,NA,NA,NA,NA,NA,NA,NA,NA,NA,NA,NA,NA,NA,NA,NA,NA,NA,NA,NA,NA,NA,NA,NA,NA,NA,NA,NA,NA,NA,NA
2009-06-04,NA,NA,NA,NA,NA,NA,NA,NA,NA,NA,NA,NA,NA,NA,NA,NA,NA,NA,NA,NA,NA,NA,NA,NA,NA,NA,NA,NA,NA,NA,NA,NA
2009-06-11,NA,NA,NA,NA,NA,NA,NA,NA,NA,NA,NA,NA,NA,NA,NA,NA,NA,NA,NA,NA,NA,NA,NA,NA,NA,NA,NA,NA,NA,NA,NA,NA
2009-06-17,NA,NA,NA,NA,NA,NA,NA,NA,NA,NA,NA,NA,NA,NA,NA,NA,NA,NA,NA,NA,NA,NA,NA,NA,NA,NA,NA,NA,NA,NA,NA,NA
2009-06-25,NA,NA,NA,NA,NA,NA,NA,NA,NA,NA,NA,NA,NA,NA,NA,NA,NA,NA,NA,NA,NA,NA,NA,NA,NA,NA,NA,NA,NA,NA,NA,NA
2009-07-02,NA,NA,NA,NA,NA,NA,NA,NA,NA,NA,NA,NA,NA,NA,NA,NA,NA,NA,NA,NA,NA,NA,NA,NA,NA,NA,NA,NA,NA,NA,NA,NA
2009-07-09,NA,NA,NA,NA,NA,NA,NA,NA,NA,NA,NA,NA,NA,NA,NA,NA,NA,NA,NA,NA,NA,NA,NA,NA,NA,NA,NA,NA,NA,NA,NA,NA
2009-07-16,NA,NA,NA,NA,NA,NA,NA,NA,NA,NA,NA,NA,NA,NA,NA,NA,NA,NA,NA,NA,NA,NA,NA,NA,NA,NA,NA,NA,NA,NA,NA,NA
2009-07-23,NA,NA,NA,NA,NA,NA,NA,NA,NA,NA,NA,NA,NA,NA,NA,NA,NA,NA,NA,NA,NA,NA,NA,NA,NA,NA,NA,NA,NA,NA,NA,NA
2009-07-30,3.0888541666666667,3.1341666666666663,1.1175,5.475,1.030855632030094,3.3625,3.1991666666666667,1.2216666666666667,8.264166666666666,1.736226629973178,NA,NA,NA,NA,NA,NA,NA,NA,NA,NA,NA,NA,NA,NA,NA,74.1325,137.3033333333333,1,0.75,NA,NA,NA
2009-08-06,2.9292708333333333,2.530833333333333,1.7149999999999999,4.9375,0.9588527046470365,3.6660763888888885,3.717083333333333,1.4233333333333333,5.7491666666666665,1.4005767548858181,2.5764930555555554,2.5,0.5783333333333334,5.508333333333333,1.3641933252635563,2.6996527777777777,2.9208333333333334,0.885,3.6799999999999993,0.8174901540524049,3.0888541666666667,3.1341666666666663,1.1175,5.475,1.030855632030094,70.3025,158.28833333333333,1,1,0.7083333333333334,0.9166666666666666,1
2009-08-13,0,0,0,0,0,0,0,0,0,0,2.267840579710145,1.9749999999999999,0.7358333333333333,4.680833333333333,1.0491671979663382,3.0838541666666663,3.173333333333333,1.1433333333333333,5.145,1.13129291528548,2.9292708333333333,2.530833333333333,1.7149999999999999,4.9375,0.9588527046470365,8.361666666666666,9.780833333333334,0.25,0.041666666666666664,0.5217391304347826,0.9583333333333334,1
2009-08-20,0,0,0,0,0,3.0942708333333333,3.0825,1.3391666666666666,4.676666666666667,1.0315354366356126,3.5346527777777776,4.00875,0.7400000000000001,5.404166666666666,1.4680088127102122,2.5538541666666665,2.7566666666666664,0.7191666666666667,3.9883333333333333,0.9613982436433065,0,0,0,0,0,10.901666666666667,85.16416666666666,0.2916666666666667,1,1,0.875,0.25
2009-08-27,3.341381944444444,3.3724999999999996,1.3050000000000002,5.320833333333333,1.1049274360058974,4.522076388888888,4.208583333333333,2.8741666666666665,6.708333333333334,1.1522182942195542,2.644131944444444,2.6624999999999996,1.5733333333333333,3.8916666666666666,0.5518755066397719,2.1315277777777775,2.256666666666667,0.8566666666666667,3.7341666666666664,0.7514400694259046,0,0,0,0,0,80.19316666666666,188.72299999999998,1,1,1,0.9583333333333334,0.2916666666666667
2009-09-01,2.5017777777777774,2.5687499999999996,1.0925,3.8808333333333334,0.8428879397078782,4.006138888888889,4.01875,1.1633333333333333,6.1,1.477505783330325,2.536,2.4745833333333334,1.5016666666666665,4.473333333333334,0.7845618119147629,0,0,0,0,0,2.644131944444444,2.6624999999999996,1.5733333333333333,3.8916666666666666,0.5518755066397719,56.393499999999996,152.54083333333332,0.875,1,0.9166666666666666,0.041666666666666664,1
2009-09-08,2.5664374999999997,2.1804166666666664,0.9791666666666667,4.541666666666666,1.119161041470426,1.9646180555555555,1.96,0.8633333333333333,3.038333333333333,0.6395859346671673,0,0,0,0,0,3.7591041666666665,3.6791666666666663,1.8958333333333333,5.9275,1.2051440056799554,2.5017777777777774,2.5687499999999996,1.0925,3.8808333333333334,0.8428879397078782,54.513666666666666,99.41616666666665,0.7916666666666666,0.9583333333333334,0.20833333333333334,1,0.875
2009-09-15,3.567013888888889,3.8554166666666667,1.3266666666666667,5.324166666666667,1.2736389182188217,3.2008680555555555,3.149583333333333,1.4266666666666667,5.3774999999999995,0.9459165174161472,3.3366388888888885,3.5275,1.3505,4.8808333333333325,1.1993072453546105,0,0,0,0,0,2.5664374999999997,2.1804166666666664,0.9791666666666667,4.541666666666666,1.119161041470426,81.83916666666666,158.66,0.9166666666666666,1,1,0.041666666666666664,0.7916666666666666
2009-09-21,0,0,0,0,0,3.0723125,3.245916666666666,1.4941666666666666,5.026666666666666,0.8791925675317893,4.643951388888889,5.155833333333333,1.6358333333333333,7.9783333333333335,1.5040100002551686,5.319638888888889,5.536666666666667,2.3966666666666665,7.742500000000001,1.5786826095841884,3.2008680555555555,3.149583333333333,1.4266666666666667,5.3774999999999995,0.9459165174161472,27.954166666666666,101.68966666666667,0.375,1,1,1,1
2009-09-28,3.6206805555555555,3.3946666666666667,1.5833333333333333,5.7091666666666665,1.0588100374717295,0,0,0,0,0,3.038861111111111,2.6775,1.2471666666666665,5.806666666666667,1.555215080320002,4.541791666666667,4.2575,1.5583333333333333,8.2716666666666665,2.2844542923086344,0,0,0,0,0,70.11883333333333,82.6005,0.8333333333333334,0.16666666666666666,0.625,0.9583333333333334,0.375
2009-10-05,4.500090277777778,4.208333333333333,2.3825,6.623333333333333,1.1151909511099884,1.9855,1.8641666666666665,1.1025,3.626666666666667,0.5943249367431781,0,0,0,0,0,2.934631944444444,2.7993333333333332,1.51,3.9881666666666664,0.7058137233200928,3.6206805555555555,3.3946666666666667,1.5833333333333333,5.7091666666666665,1.0588100374717295,108.00216666666665,152.5775,1,0.9166666666666666,0,0.6666666666666666,0.8333333333333334
2010-05-25,2.0724305555555556,1.965,1.2483333333333335,3.3333333333333335,0.6761154639347178,1.8444444444444446,1.8883333333333334,0.9883333333333334,2.6083333333333334,0.542726759008287,0,0,0,0,0,0,0,0,0,0,NA,NA,NA,NA,NA,48.45,83.36666666666667,0.9583333333333334,0.7083333333333334,0.2916666666666667,0.08333333333333333,NA
2010-06-04,1.8225694444444445,1.9333333333333331,0.87,3.3416666666666663,0.5477728246559534,2.743958333333333,2.8075,1.4366666666666668,4.755,0.7892127203708573,2.009097222222222,1.7100000000000002,0.7533333333333334,3.79,0.9555766879544502,3.2088888888888887,3.4483333333333333,0.9983333333333334,5.413333333333333,1.1983736630921569,0,0,0,0,0,27.026666666666667,87.015,0.5416666666666666,0.875,0.75,0.9583333333333334,0.3333333333333333
2010-06-10,0,0,0,0,0,3.3791666666666664,2.7041666666666666,2.0233333333333334,7.025,1.3164317346817853,4.646944444444444,4.6525,1.3550000000000002,6.923333333333333,1.5366745784532299,4.168611111111111,4.330833333333333,1.3350000000000002,6.425,1.4567722631664426,2.743958333333333,2.8075,1.4366666666666668,4.755,0.7892127203708573,0,72.14666666666666,0,0.875,0.9583333333333334,1,0.875
2010-06-15,3.5503472222222223,3.3666666666666667,1.5666666666666669,6.64,1.4835772457958352,2.5414583333333334,2.3916666666666666,0.7616666666666667,4.468333333333333,0.9697426463349813,0,0,0,0,0,0,0,0,0,0,4.646944444444444,4.6525,1.3550000000000002,6.923333333333333,1.5366745784532299,82.70333333333333,131.83166666666665,0.9583333333333334,0.875,0.25,0.4166666666666667,0.9583333333333334
2010-06-24,4.027638888888889,3.9008333333333334,1.3116666666666668,6.588333333333333,1.5781958540638164,3.3879166666666665,3.53,1.1166666666666667,5.923333333333333,1.5657262248270325,2.1747916666666667,2.0666666666666664,0.4766666666666667,3.9516666666666667,0.9545954593135403,3.712847222222222,3.7841666666666667,1.9033333333333333,5.609999999999999,1.1036895172662233,3.620902777777778,3.208333333333333,1.2983333333333333,6.471666666666667,1.586930694385933,92.485,156.79833333333332,0.9166666666666666,0.75,0.7083333333333334,0.9166666666666666,0.9166666666666666
2010-07-01,4.294444444444444,4.130833333333333,2.3666666666666667,6.675,1.3492637701417278,4.410486111111111,4.405833333333334,1.645,6.4,1.4784870742702552,4.400486111111111,4.9625,1.03,6.826666666666666,1.8657991953797899,3.0677777777777777,3.0908333333333333,0.9633333333333334,6.471666666666667,1.3917953743022522,4.027638888888889,3.9008333333333334,1.3116666666666668,6.588333333333333,1.5781958540638164,103.06666666666666,208.91833333333332,1,1,1,0.625,0.9166666666666666
2010-07-08,0,0,0,0,0,0,0,0,0,0,3.057777777777778,2.865,0.7766666666666666,5.931666666666667,1.8057952646527209,2.2227083333333333,2.5133333333333328,0.9783333333333334,3.2466666666666666,0.7776360518303406,4.294444444444444,4.130833333333333,2.3666666666666667,6.675,1.3492637701417278,26.581666666666667,30.525,0.3333333333333333,0.125,0.7083333333333334,0.9583333333333334,1
2010-07-15,0,0,0,0,0,0,0,0,0,0,0,0,0,0,0,2.980625,2.578333333333333,0.7433333333333334,6.706666666666666,1.6862729972862673,0,0,0,0,0,4.6066666666666665,6.233333333333333,0.08333333333333333,0.041666666666666664,0.25,0.7083333333333334,0.3333333333333333
2010-07-22,4.007777777777777,3.985833333333333,2.0516666666666667,6.051666666666667,1.250360592111715,3.1756944444444444,2.8449999999999998,0.5116666666666667,6.343333333333334,1.798215561862458,2.1655555555555557,2.1875,0.9216666666666666,3.235,0.652816578145878,2.315486111111111,2.0375,0.7766666666666667,4.1049999999999995,0.965460576824645,0,0,0,0,0,96.18666666666667,162.625,1,0.8333333333333334,0.9583333333333334,0.9166666666666666,0.08333333333333333
2010-07-29,4.343541666666667,4.3,1.875,6.413333333333334,1.4613240399990781,3.9138194444444445,4.298333333333334,0.7083333333333334,6.3133333333333335,1.8316535439631376,3.997847222222222,4.476666666666667,1.415,6.581666666666666,1.5988695039370686,5.450347222222222,5.698333333333334,2.2683333333333335,7.708333333333333,1.7020163503337866,4.007777777777777,3.985833333333333,2.0516666666666667,6.051666666666667,1.250360592111715,104.245,188.095,1,0.75,1,1,1
2010-08-05,2.7490277777777776,2.546666666666667,1.2716666666666667,4.7716666666666665,0.9513765664422911,3.841736111111111,4.535833333333333,1.0766666666666667,5.58,1.4987658754979598,3.6714583333333333,3.433333333333333,1.62,6.083333333333333,1.100584639595267,0,0,0,0,0,4.343541666666667,4.3,1.875,6.413333333333334,1.4613240399990781,65.97666666666666,155.79833333333332,1,0.9166666666666666,1,0.3333333333333333,1
2010-08-12,0,0,0,0,0,2.327986111111111,2.2908333333333335,1.0250000000000001,3.5366666666666666,0.8186412064631761,1.823611111111111,1.6125,0.6866666666666666,3.911666666666666,0.8146036745177633,3.585,3.9916666666666663,0.9733333333333334,5.963333333333333,1.3800070888286737,2.7490277777777776,2.546666666666667,1.2716666666666667,4.7716666666666665,0.9513765664422911,0,44.678333333333335,0,0.75,0.7083333333333334,0.875,1
2010-08-19,2.6890277777777776,2.7183333333333337,1.1300000000000001,5.3116666666666665,1.1683155962873133,2.1424305555555554,1.9141666666666666,0.9266666666666667,4.551666666666667,0.9836198279733317,3.710347222222222,3.565833333333333,1.8833333333333333,5.971666666666667,1.2046426875342038,3.5535416666666664,3.6891666666666665,1.9516666666666667,5.319999999999999,0.9260590376339809,0,0,0,0,0,60.736666666666665,106.385,0.875,0.7916666666666666,1,0.875,0
2010-08-26,3.861666666666667,3.6125,2.1033333333333335,6.086666666666667,1.2158998973544135,0,0,0,0,0,0,0,0,0,0,0,0,0,0,0,2.6890277777777776,2.7183333333333337,1.1300000000000001,5.3116666666666665,1.1683155962873133,92.67999999999999,111.78,1,0.2916666666666667,0,0,0.875
2010-09-02,2.5600694444444443,2.7541666666666664,0.8916666666666667,4.906666666666667,1.348800189609096,1.9150694444444445,1.6275,0.7733333333333333,4.126666666666667,0.9693206295599507,2.716736111111111,2.5733333333333333,0.71,5.183333333333333,1.5410956231218993,3.4364583333333334,3.1441666666666666,1.5733333333333333,6.165,1.4533475694439701,3.861666666666667,3.6125,2.1033333333333335,6.086666666666667,1.2158998973544135,56.06166666666667,96.26666666666667,0.7916666666666666,0.75,0.7083333333333334,1,1
2010-09-09,3.7154166666666666,3.605833333333333,2.341666666666667,5.226666666666667,0.6082898038823653,4.6625,4.7716666666666665,1.1283333333333334,7.546666666666667,1.6317387957588496,3.062222222222222,3.285,1.2550000000000001,4.283333333333333,0.8972972927419299,3.2584027777777775,3.333333333333333,1.6700000000000002,5.151666666666666,1.2017032476659475,2.5600694444444443,2.7541666666666664,0.8916666666666667,4.906666666666667,1.348800189609096,89.17,198.08166666666668,1,0.9583333333333334,0.8333333333333334,1,0.7916666666666666
2010-09-16,3.047638888888889,3.0324999999999998,1.465,4.4399999999999995,0.852734860995022,3.9258333333333333,3.745833333333333,2.0883333333333334,6.398333333333333,1.1990419887648873,3.7235416666666667,3.8708333333333336,1.6733333333333333,5.503333333333334,1.2151353588046854,0,0,0,0,0,3.7154166666666666,3.605833333333333,2.341666666666667,5.226666666666667,0.6082898038823653,53.905,148.125,0.75,1,1,0.25,1
2010-09-23,2.3195833333333336,2,0.7383333333333333,5.388333333333334,1.0458940019356762,4.029861111111111,4.135,1.7783333333333333,6.3966666666666665,1.2896780780832737,3.3159722222222223,3.046666666666667,1.9133333333333333,5.585,1.1330465234559524,4.431111111111111,3.7891666666666666,1.305,7.725,2.371475909031663,3.047638888888889,3.0324999999999998,1.465,4.4399999999999995,0.852734860995022,34.95166666666667,131.66833333333332,0.5416666666666666,1,1,0.875,0.75
2010-09-30,0,0,0,0,0,3.2715277777777776,3.7116666666666664,0.8133333333333334,5.673333333333333,1.540164675042246,0,0,0,0,0,0,0,0,0,0,2.3195833333333336,2,0.7383333333333333,5.388333333333334,1.0458940019356762,28.77,101.36666666666666,0.20833333333333334,0.75,0.16666666666666666,0,0.5416666666666666
2010-10-07,5.431527777777777,5.648333333333333,3.506666666666667,7.448333333333333,1.3987911375676652,0,0,0,0,0,0,0,0,0,0,0,0,0,0,0,0,0,0,0,0,130.35666666666665,134.62166666666667,1,0.08333333333333333,0,0,0.20833333333333334
2011-05-26,3.904861111111111,2.8833333333333333,1.45,7.716666666666667,2.224650432110305,0,0,0,0,0,3.370833333333333,3.5999999999999996,0.85,5.716666666666667,1.4354319823124364,0,0,0,0,0,0,0,0,0,0,77.68333333333334,99.31666666666666,0.6666666666666666,0.4583333333333333,0.875,0.08333333333333333,0
2011-06-02,6.697222222222222,7.333333333333333,2.9166666666666665,9.433333333333334,1.8453340209710818,4.59375,4.608333333333333,1.6833333333333333,7.466666666666667,1.486264101114223,0,0,0,0,0,3.175,3.1083333333333334,1.0166666666666666,5.1,1.29586857447769,3.904861111111111,2.8833333333333333,1.45,7.716666666666667,2.224650432110305,160.73333333333332,269.3,1,0.9583333333333334,0.20833333333333334,0.875,0.6666666666666666
2011-06-10,3.1069444444444443,3.3,0.7666666666666666,4.8,1.0516597954100002,3.5444444444444443,3.3666666666666667,1.4166666666666665,6.566666666666666,1.2289352316304847,2.5166666666666666,2.1833333333333336,0.6166666666666667,4.9,1.383538486620937,1.7819444444444446,1.8083333333333333,0.4666666666666667,3.1166666666666667,0.6956545013044803,5.454861111111111,5.891666666666667,1.0333333333333332,9.75,2.3400549106168627,65,150.06666666666666,0.7916666666666666,1,0.7083333333333334,0.7083333333333334,0.9583333333333334
2011-06-16,2.625,2.7416666666666667,1.0333333333333334,4.2,0.8255432993674134,3.204861111111111,2.8166666666666664,1.9666666666666668,5.4,1.11972304165633,0,0,0,0,0,0,0,0,0,0,3.5444444444444443,3.3666666666666667,1.4166666666666665,6.566666666666666,1.2289352316304847,61.96666666666667,128.21666666666667,0.9583333333333334,0.8333333333333334,0.4583333333333333,0.25,1
2011-06-23,0,0,0,0,0,0,0,0,0,0,1.7583333333333333,1.7666666666666666,0.85,2.783333333333333,0.5897678246195885,3.060416666666667,3.075,0.85,5.6,1.3785346531208682,2.625,2.7416666666666667,1.0333333333333334,4.2,0.8255432993674134,0,6.466666666666667,0,0.125,0.5833333333333334,0.875,0.9583333333333334
2011-06-30,3.7555555555555555,3.4416666666666664,1.7166666666666668,6.35,1.4762096216394653,4.3590277777777775,4.908333333333333,1.4833333333333334,6.766666666666667,1.8165701288448162,0,0,0,0,0,1.7673611111111112,1.575,1.0333333333333332,3.283333333333333,0.6930726789632395,0,0,0,0,0,90.13333333333333,189.48333333333332,1,0.875,0.4166666666666667,0.5833333333333334,0
2011-07-07,3.040277777777778,3.0166666666666666,1.0833333333333333,5.333333333333333,1.0922312033678152,3.36875,3.525,0.9,7.183333333333333,1.6618431105716898,1.9548611111111112,1.8583333333333334,0.95,3.3000000000000003,0.7683736379548857,2.2,2.125,0.7333333333333334,4.1,0.7820757713145796,3.7555555555555555,3.4416666666666664,1.7166666666666668,6.35,1.4762096216394653,67.15,147.1,0.8333333333333334,0.9583333333333334,0.7916666666666666,0.7916666666666666,1
2011-07-14,3.8465277777777778,3.7,0.9,7.45,1.7099522492885644,3.7534722222222223,3.7666666666666666,2.0833333333333335,5.133333333333333,0.8190807143292725,3.841666666666667,3.925,1.8333333333333333,5.683333333333334,0.9815077625381804,3.4590277777777776,3.225,1.9833333333333334,5.25,0.7665718146533527,3.040277777777778,3.0166666666666666,1.0833333333333333,5.333333333333333,1.0922312033678152,78.3,163.36666666666667,0.7916666666666666,0.9166666666666666,1,1,0.8333333333333334
2011-07-21,4.444444444444445,4.675,1.4166666666666667,7.116666666666666,1.6638430187317212,3.267361111111111,3.3583333333333334,0.7333333333333334,6.833333333333333,1.746027092541951,2.964583333333333,2.8583333333333334,0.95,5.766666666666667,1.498181768381631,3.553472222222222,3.7333333333333334,1.8333333333333335,5.916666666666667,1.0133168758992848,3.8465277777777778,3.7,0.9,7.45,1.7099522492885644,106.66666666666667,182.53333333333333,1,0.875,0.7916666666666666,1,0.7916666666666666
2011-07-28,1.91875,1.775,0.5333333333333333,3.5,0.7755987635556064,3.884722222222222,4.133333333333333,1.6333333333333333,6.566666666666666,1.2323430872537458,3.408333333333333,3.325,2.4333333333333336,5.516666666666667,0.6883607918164317,0,0,0,0,0,4.444444444444445,4.675,1.4166666666666667,7.116666666666666,1.6638430187317212,32.68333333333333,125.91666666666666,0.625,1,0.7916666666666666,0,1
2011-08-04,0,0,0,0,0,2.3097222222222222,2.1333333333333333,1.1666666666666667,3.4833333333333334,0.7516956141260213,3.44375,3.35,1.3166666666666667,5.116666666666667,1.1448879499210376,2.6222222222222222,2.591666666666667,1.0833333333333333,5.233333333333333,1.15403792947767,1.91875,1.775,0.5333333333333333,3.5,0.7755987635556064,1.8000000000000003,27.21666666666667,0.08333333333333333,0.5,1,0.875,0.625
2011-08-11,4.288194444444445,4.316666666666666,2.1666666666666665,6.45,1.1098208843458088,0,0,0,0,0,0,0,0,0,0,2.997916666666667,2.8833333333333333,1.4166666666666667,4.4,0.9468778150418128,0,0,0,0,0,102.91666666666666,105.16666666666666,1,0.041666666666666664,0.2916666666666667,0.9583333333333334,0.08333333333333333
2011-08-18,3.1527777777777777,3.783333333333333,0.7666666666666666,4.966666666666667,1.520199474155886,2.1840277777777777,1.7999999999999998,0.75,4.383333333333334,1.0465318749939831,2.6840277777777777,2.6833333333333336,1.4500000000000002,4.3,0.6852919820369434,0,0,0,0,0,4.288194444444445,4.316666666666666,2.1666666666666665,6.45,1.1098208843458088,70.43333333333334,118.3,0.7916666666666666,0.8333333333333334,1,0.041666666666666664,1
2011-08-25,4.7555555555555555,4.816666666666666,2.216666666666667,7.633333333333334,1.5136709278898133,4.252083333333333,4.491666666666666,1.0166666666666666,7.683333333333334,1.8756597068095247,3.234722222222222,3.4916666666666667,1,5.15,1.0574890123647347,4.325,4.258333333333333,2.566666666666667,7.383333333333334,1.0106796871173829,3.1527777777777777,3.783333333333333,0.7666666666666666,4.966666666666667,1.520199474155886,114.13333333333334,197.85,1,0.7916666666666666,1,1,0.7916666666666666
2011-09-01,0,0,0,0,0,1.9090277777777778,1.5166666666666666,0.85,4.316666666666666,0.9814705909674408,2.642361111111111,2.466666666666667,1.0333333333333334,4.783333333333333,0.9292350389696642,4.518055555555556,3.833333333333333,1.2833333333333332,9.45,2.479928687744125,4.7555555555555555,4.816666666666666,2.216666666666667,7.633333333333334,1.5136709278898133,1.2166666666666668,36.666666666666664,0.041666666666666664,0.6666666666666666,1,1,1
2011-09-08,2.015972222222222,1.8916666666666666,1.1833333333333333,3.7666666666666666,0.6327510512947835,0,0,0,0,0,2.8784722222222223,2.75,1.65,4.7,0.8378930207196457,3.134027777777778,3.1416666666666666,1.3833333333333333,5.166666666666667,0.9302028136686998,0,0,0,0,0,26.383333333333333,26.383333333333333,0.625,0,0.6666666666666666,0.875,0.041666666666666664
2011-09-15,3.435416666666667,3.2083333333333335,1.1333333333333333,5.95,1.4345151220066314,2.7444444444444445,2.8666666666666667,0.7833333333333333,4.733333333333333,1.1986573272139691,3.879166666666667,4.391666666666667,0.7833333333333333,7.116666666666667,2.0254375682788077,2.4180555555555556,2.2666666666666666,0.8500000000000001,4.783333333333333,1.2051511488047373,2.015972222222222,1.8916666666666666,1.1833333333333333,3.7666666666666666,0.6327510512947835,69.60000000000001,131.9,0.75,0.875,0.9166666666666666,0.9166666666666666,0.625
2011-09-22,0,0,0,0,0,2.1493055555555554,1.8916666666666666,0.48333333333333334,4.183333333333334,0.8751463530698539,3.175,3.2666666666666666,1.35,4.583333333333333,0.9968186108792156,0,0,0,0,0,3.435416666666667,3.2083333333333335,1.1333333333333333,5.95,1.4345151220066314,2.7,40.88333333333333,0.08333333333333333,0.6666666666666666,0.9583333333333334,0.4166666666666667,0.75
2011-09-29,0,0,0,0,0,0,0,0,0,0,0,0,0,0,0,1.9902777777777778,1.6166666666666667,0.6,4.233333333333333,0.9810759728034513,0,0,0,0,0,25.883333333333333,25.883333333333333,0.25,0,0.25,0.75,0.08333333333333333
2011-10-06,4.879861111111111,4.875,1.9166666666666667,8.016666666666667,1.7076623225598495,5.846527777777778,5.266666666666667,2.5166666666666666,9.8,2.2063477765919273,3.3027777777777776,2.9,1.7166666666666668,6.983333333333333,1.503664337950406,0,0,0,0,0,0,0,0,0,0,113.7,254.01666666666668,0.9583333333333334,1,0.8333333333333334,0.25,0.25
2012-05-24,0,0,0,0,0,0,0,0,0,0,0,0,0,0,0,0,0,0,0,0,4.029861111111111,4.158333333333333,1.2833333333333334,6.216666666666667,1.4554825483221052,1.75,13.883333333333333,0.041666666666666664,0.3333333333333333,0,0,0.9166666666666666
2012-05-31,3.9027777777777777,4.116666666666666,2.1333333333333333,5.85,1.1088866622110798,3.0131944444444443,3.0833333333333335,1.2666666666666666,4.483333333333333,0.8263179951728861,0,0,0,0,0,0,0,0,0,0,0,0,0,0,0,90.85,163.16666666666666,0.9583333333333334,1,0.041666666666666664,0.041666666666666664,0.041666666666666664
2012-06-07,2.436111111111111,2.183333333333333,0.9,5.266666666666667,1.1581747536811584,0,0,0,0,0,2.104861111111111,2.1166666666666667,0.48333333333333334,3.933333333333333,0.876318594683511,0,0,0,0,0,3.9027777777777777,4.116666666666666,2.1333333333333333,5.85,1.1088866622110798,42.21666666666667,62.61666666666667,0.75,0.4166666666666667,0.625,0,0.9583333333333334
2012-06-14,1.9229166666666666,1.7416666666666667,0.5666666666666667,3.916666666666667,0.8940059724319304,3.2305555555555556,3.2416666666666663,1.1,6.6,1.6009030261683082,3.7243055555555555,3.7083333333333335,1.3,6.85,1.1471660014765255,0,0,0,0,0,2.436111111111111,2.183333333333333,0.9,5.266666666666667,1.1581747536811584,39.53333333333333,94.86666666666666,0.7916666666666666,0.6666666666666666,0.875,0.4166666666666667,0.75
2012-06-21,2.609027777777778,2.8666666666666667,0.7833333333333333,4.733333333333333,0.9932499134151459,3.707638888888889,4.191666666666666,0.9666666666666667,6.05,1.4288350307465754,2.303472222222222,2.3083333333333336,1.0166666666666666,3.25,0.5647875742487302,0,0,0,0,0,1.9229166666666666,1.7416666666666667,0.5666666666666667,3.916666666666667,0.8940059724319304,62.61666666666667,151.6,1,1,0.625,0,0.7916666666666666
2012-06-28,3.28125,3.5666666666666664,0.9833333333333334,6.366666666666667,1.3554088505590898,5.383333333333333,5.4,3.333333333333333,7.033333333333333,0.8302988228738497,4.704166666666667,5.241666666666667,2.066666666666667,6.716666666666667,1.5341070039332028,2.3565277777777776,2.2583333333333333,1.24,4.3,0.7881357439462242,2.609027777777778,2.8666666666666667,0.7833333333333333,4.733333333333333,0.9932499134151459,73.95,203.15,0.8333333333333334,1,1,0.5416666666666666,1
2012-07-05,3.9291666666666667,3.666666666666667,1.55,6.8,1.6906266882531509,2.2972222222222225,2.3,0.8,3.7333333333333334,0.7904268196144799,2.7263888888888888,1.725,0.8333333333333334,6,1.6333770821312394,3.2352777777777777,3.365,0.9833333333333333,5.316666666666666,1.1894093515165585,3.28125,3.5666666666666664,0.9833333333333334,6.366666666666667,1.3554088505590898,94.3,136.63333333333333,1,0.7083333333333334,0.7916666666666666,0.9583333333333334,0.8333333333333334
2012-07-12,2.15625,1.8833333333333333,0.8666666666666667,3.8333333333333335,0.9076541470872248,0,0,0,0,0,2.308333333333333,2.3833333333333333,1.0166666666666666,4.033333333333333,0.8383472353127442,3.1880555555555556,2.966666666666667,0.7166666666666667,5.766666666666667,1.4234217182844078,3.9291666666666667,3.666666666666667,1.55,6.8,1.6906266882531509,43.416666666666664,59.6,0.7083333333333334,0.375,0.8333333333333334,0.9583333333333334,1
2012-07-19,3.3625,2.6833333333333336,1.9333333333333333,6.266666666666667,1.380210811455254,3.009722222222222,3.0833333333333335,1.2666666666666666,5.6,1.0318118376317325,3.8097222222222222,3.0166666666666666,1.5499999999999998,7.666666666666666,2.1121738044853857,3.00875,2.975,1.7999999999999998,4.2,0.5877056120826396,2.15625,1.8833333333333333,0.8666666666666667,3.8333333333333335,0.9076541470872248,71.01666666666667,143.25,0.8333333333333334,1,0.9583333333333334,0.9166666666666666,0.7083333333333334
2012-07-26,0,0,0,0,0,4.160416666666666,3.9166666666666665,1.2833333333333334,7.416666666666667,1.9152755663791783,5.05,4.958333333333333,2.033333333333333,8.1,1.3249008713260702,3.5970833333333334,3.4833333333333334,1.3833333333333333,5.68,1.3061971622117574,3.3625,2.6833333333333336,1.9333333333333333,6.266666666666667,1.380210811455254,10.866666666666667,108.85,0.2916666666666667,0.9583333333333334,1,0.9166666666666666,0.8333333333333334
2012-08-02,2.1743055555555557,1.95,0.95,4.533333333333333,0.9745676505379399,0,0,0,0,0,0,0,0,0,0,2.1461111111111113,1.9533333333333331,1,3.8833333333333333,0.8122377193417067,0,0,0,0,0,49.75,64.91666666666667,0.9166666666666666,0.2916666666666667,0.3333333333333333,0.75,0.2916666666666667
2012-08-09,2.1861111111111113,2.1333333333333333,0.9833333333333334,3.8333333333333335,0.7875950470464153,1.8277777777777777,1.575,0.9,3.2666666666666666,0.6797745197825318,2.2215277777777778,2.5166666666666666,0.8833333333333333,3.283333333333333,0.7756947823275033,3.5997222222222223,3.825,1.3333333333333333,4.65,1.0213715873690152,2.1743055555555557,1.95,0.95,4.533333333333333,0.9745676505379399,23.433333333333334,62.6,0.5,0.8333333333333334,0.875,0.9583333333333334,0.9166666666666666
2012-08-16,3.185416666666667,2.8333333333333335,1.2833333333333332,5.533333333333333,1.2398896680305425,1.9875,1.7916666666666665,0.9333333333333333,3.1833333333333336,0.6023755308719276,2.5965277777777778,2.6083333333333334,1.25,4.383333333333333,0.8424139911754673,3.1469444444444443,2.7583333333333333,1.7333333333333334,6.233333333333333,1.1329739057787356,2.1861111111111113,2.1333333333333333,0.9833333333333334,3.8333333333333335,0.7875950470464153,76.45,106.1,1,0.5833333333333334,1,1,0.5
2012-08-23,2.4854166666666666,2.283333333333333,0.9166666666666667,5.133333333333333,1.1528196110214102,2.2604166666666665,2.4416666666666664,1,3.45,0.7681902394337959,2.8583333333333334,3.1833333333333336,1.0833333333333333,4.616666666666667,1.0948826950600823,2.3872222222222224,2.3833333333333337,0.5666666666666667,4.316666666666666,1.0107588705343769,3.185416666666667,2.8333333333333335,1.2833333333333332,5.533333333333333,1.2398896680305425,57.61666666666667,103.1,0.9166666666666666,0.75,0.875,0.75,1
2012-08-30,4.428472222222222,4.775,2.15,6.866666666666666,1.3798102436109072,3.884722222222222,4.033333333333333,1.5,6.65,1.2491921705266136,4.277083333333334,4.191666666666666,2.0666666666666664,6.2,1.0409584549014999,3.3144444444444443,2.908333333333333,1.3166666666666667,6.366666666666667,1.6171492382013286,2.4854166666666666,2.283333333333333,0.9166666666666667,5.133333333333333,1.1528196110214102,106.28333333333333,187.53333333333333,1,0.9166666666666666,1,0.9583333333333334,0.9166666666666666
2012-09-06,2.079861111111111,2.0166666666666666,0.75,4.683333333333334,0.8343758575477931,3.1319444444444446,2.9,0.9500000000000001,5.15,1.2314607471042733,0,0,0,0,0,0,0,0,0,0,4.428472222222222,4.775,2.15,6.866666666666666,1.3798102436109072,41.8,103.81666666666666,0.75,0.7916666666666666,0.125,0.16666666666666666,1
2012-09-13,2.4902777777777776,2.6500000000000004,1.3,3.8166666666666664,0.7693857997498282,1.961111111111111,1.7000000000000002,0.5166666666666666,3.75,0.999790638309284,2.964583333333333,2.841666666666667,0.9666666666666667,4.316666666666666,0.9500357544759085,4.514583333333333,4.65,1.9333333333333333,7.25,1.7053716816177547,2.079861111111111,2.0166666666666666,0.75,4.683333333333334,0.8343758575477931,55.46666666666667,87.51666666666667,0.875,0.6666666666666666,1,1,0.75
2012-09-20,0,0,0,0,0,4.7562500000000005,5.050000000000001,1.1166666666666667,7.983333333333333,1.9495621489103054,0,0,0,0,0,2.3675,2.2666666666666666,0.9166666666666667,3.716666666666667,0.8194125679544702,2.4902777777777776,2.6500000000000004,1.3,3.8166666666666664,0.7693857997498282,2.216666666666667,113.88333333333334,0.08333333333333333,0.9166666666666666,0.20833333333333334,0.8333333333333334,0.875
2012-09-27,3.6534722222222222,4.016666666666667,1.3,5.816666666666666,1.3134751189435359,3.323611111111111,2.9833333333333334,1.45,7.1499999999999995,1.5077490394165447,3.704861111111111,3.4916666666666667,1.2166666666666666,5.766666666666667,1.3437049434456425,2.919027777777778,2.9833333333333334,1.0333333333333334,4.533333333333333,1.0162393871271032,0,0,0,0,0,81.01666666666667,158.91666666666666,0.875,0.9583333333333334,0.9166666666666666,1,0.08333333333333333
2012-10-05,2.6291666666666664,2.533333333333333,1.2166666666666668,4.05,0.6546978135393,0,0,0,0,0,0,0,0,0,0,2.3409722222222222,2.3833333333333333,0.9833333333333334,3.7333333333333334,0.7815811295040198,0,0,0,0,0,63.1,65.46666666666667,1,0.08333333333333333,0.08333333333333333,1,0.041666666666666664
2013-05-23,0,0,0,0,0,0,0,0,0,0,0,0,0,0,0,3.076875,3.1358333333333333,0.7583333333333333,5.308333333333334,1.5841742475174831,5.298055555555556,4.996666666666666,1.8033333333333332,9.948333333333334,2.6977141722638995,52.21,52.21,0.4583333333333333,0,0.041666666666666664,0.875,0.9583333333333334
2013-05-30,2.9819444444444443,2.9391666666666665,0.9166666666666666,5.423333333333333,1.3640033847078106,0,0,0,0,0,0,0,0,0,0,3.905972222222222,3.956666666666666,1.3816666666666668,6.6433333333333335,1.5169806106565404,0,0,0,0,0,71.56666666666666,71.56666666666666,1,0,0,0.875,0.4583333333333333
2013-06-06,0,0,0,0,0,2.4144444444444444,2.255,1.2716666666666667,3.5066666666666664,0.679656894590152,5.257708333333333,5.218333333333334,3.873333333333333,7.261666666666667,0.7193689888713292,3.5980555555555553,3.4191666666666665,1.3616666666666666,5.996666666666666,1.5068579674201068,2.9819444444444443,2.9391666666666665,0.9166666666666666,5.423333333333333,1.3640033847078106,4.9366666666666665,57.339999999999996,0.125,0.875,1,1,1
2013-06-13,0,0,0,0,0,4.229513888888889,4.5175,1.44,6.471666666666667,1.6079384496210438,0,0,0,0,0,0,0,0,0,0,0,0,0,0,0,17.996666666666666,116.53333333333333,0.375,0.9166666666666666,0,0.25,0.125
2013-06-20,1.8269444444444445,1.7441666666666666,0.7866666666666667,3.663333333333333,0.6148994785817145,3.1600694444444444,3.055833333333333,1.7116666666666667,5.836666666666666,1.104095743324251,1.6394444444444445,1.6308333333333334,0.5983333333333334,4.408333333333332,0.8426127795709581,2.774652777777778,2.1950000000000003,1.195,5.484999999999999,1.457298140177201,0,0,0,0,0,40.39833333333333,114.505,0.875,0.9583333333333334,0.9166666666666666,0.9583333333333334,0.375
2013-06-27,0,0,0,0,0,1.9968055555555555,1.9016666666666668,1.1483333333333334,3.4766666666666666,0.6963590466850854,3.4104166666666664,3.1141666666666663,1.3683333333333334,5.741666666666667,1.2923780883272533,3.6378472222222222,3.6174999999999997,1.1766666666666665,5.465,1.165426305361546,1.8269444444444445,1.7441666666666666,0.7866666666666667,3.663333333333333,0.6148994785817145,1.36,39.745,0.041666666666666664,0.8333333333333334,1,1,0.875
2013-07-03,2.941597222222222,2.84,1.2333333333333334,4.535,1.0304846755121486,0,0,0,0,0,0,0,0,0,0,2.515775,2.2251333333333334,1.1900000000000002,5.303333333333334,0.9897069050962356,1.9968055555555555,1.9016666666666668,1.1483333333333334,3.4766666666666666,0.6963590466850854,53.361666666666665,73.74833333333333,0.6666666666666666,0.2916666666666667,0.375,0.8333333333333334,0.8333333333333334
2013-07-11,3.4688194444444442,3.348333333333333,1.8450000000000002,4.968333333333334,0.9885646256681367,0,0,0,0,0,0,0,0,0,0,2.8718055555555555,2.5616666666666665,1.4983333333333335,5.656666666666666,1.1534176182516884,2.6524305555555556,2.770833333333333,0.99,4.1066666666666665,0.86150721468722,81,100.43666666666667,0.9583333333333334,0.2916666666666667,0,0.625,1
2013-07-18,2.8997916666666668,3.006666666666667,1.3233333333333333,5.135,0.9479939807616853,2.953263888888889,2.984166666666667,1.3166666666666669,4.591666666666666,0.9208601680353395,2.9385416666666666,2.8533333333333335,1.2466666666666668,4.45,1.0546684018220762,2.9315277777777777,2.8091666666666666,0.8683333333333334,4.506666666666667,1.0303194613475772,3.4688194444444442,3.348333333333333,1.8450000000000002,4.968333333333334,0.9885646256681367,61.21,132.08833333333334,0.875,1,0.9583333333333334,1,0.9583333333333334
2013-07-25,2.1953472222222223,2.0075,0.91,3.5766666666666667,0.606338695223455,4.120208333333333,3.98,1.1366666666666667,6.67,1.7327008539837843,0,0,0,0,0,0,0,0,0,0,2.8997916666666668,3.006666666666667,1.3233333333333333,5.135,0.9479939807616853,26.998333333333335,125.88333333333333,0.5,1,0.4166666666666667,0.08333333333333333,0.875
2013-08-01,0,0,0,0,0,2.1044444444444443,1.9583333333333333,1.0916666666666668,3.468333333333333,0.6942381336050106,3.378611111111111,3.4825,1.2416666666666667,4.743333333333333,0.9569895009831343,0,0,0,0,0,2.1953472222222223,2.0075,0.91,3.5766666666666667,0.606338695223455,32.41833333333333,76.03833333333333,0.4166666666666667,0.7916666666666666,1,0.4583333333333333,0.5
2013-08-08,3.297708333333333,3.38,2.1816666666666666,4.858333333333333,0.6866872116843455,0,0,0,0,0,0,0,0,0,0,4.514444444444444,4.8225,1.7583333333333333,6.648333333333333,1.517921496085016,0,0,0,0,0,49.114999999999995,60.709999999999994,0.625,0.125,0.4583333333333333,1,0.4166666666666667
2013-08-15,4.165625,4.186666666666667,1.8766666666666667,6.168333333333333,1.1113583337585105,5.373611111111111,5.647499999999999,2.7333333333333334,7.318333333333333,1.2574749127516134,0,0,0,0,0,2.4780555555555557,2.3708333333333336,1.0650000000000002,5.126666666666667,0.9554493677657279,3.297708333333333,3.38,2.1816666666666666,4.858333333333333,0.6866872116843455,99.975,228.94166666666666,1,1,0.4583333333333333,0.9583333333333334,0.625
2013-08-22,3.2910416666666666,3.1866666666666665,1.525,5.085,0.8504428815662832,2.839236111111111,3.0166666666666666,1.35,4.008333333333333,0.6251061705313689,2.3113194444444445,2.3425,0.8883333333333333,4.265,1.007322343714532,3.0752083333333333,3.224166666666666,0.75,4.8566666666666665,1.156142836788764,4.165625,4.186666666666667,1.8766666666666667,6.168333333333333,1.1113583337585105,78.985,147.12666666666667,1,1,0.9166666666666666,1,1
2013-08-29,0,0,0,0,0,2.0805555555555557,1.6941666666666668,0.575,6.721666666666667,1.4475878375780953,1.4357971014492754,1.3483333333333334,0.7033333333333334,2.3566666666666665,0.5289244541265176,3.625,3.6541666666666663,2.08,5.318333333333333,0.995762519463894,3.2910416666666666,3.1866666666666665,1.525,5.085,0.8504428815662832,1.4466666666666668,19.865,0.041666666666666664,0.5,0.782608695652174,1,1
2013-09-05,4.068263888888889,4.213333333333333,2.3433333333333333,5.961666666666667,1.2101178206667853,4.3393749999999995,4.280833333333334,1.5250000000000001,6.351666666666667,1.178075870494983,2.6315277777777775,2.3425,1.3233333333333333,4.996666666666666,0.9535453697342915,0,0,0,0,0,0,0,0,0,0,97.63833333333334,201.78333333333333,1,1,0.9166666666666666,0.20833333333333334,0.041666666666666664
2013-09-11,3.2470138888888886,3.3133333333333335,1.1116666666666668,5.4783333333333335,1.2080221967406208,2.267659722222222,2.3866666666666667,0.8766666666666667,4.616666666666666,1.0885812338115528,3.268768115942029,3.393333333333333,1.5316666666666667,5.109999999999999,0.8689191616268158,4.6431305555555555,3.9525,1.9618,9.23,2.2060712015418136,4.3393749999999995,4.280833333333334,1.5250000000000001,6.351666666666667,1.178075870494983,75.39333333333333,120.75383333333333,0.9166666666666666,0.7083333333333334,1,1,1
2013-09-18,2.5843055555555554,2.6641666666666666,1.3966666666666667,3.466666666666667,0.5201987535127316,2.928472222222222,2.8408333333333333,1.6166666666666663,5.223333333333333,0.8383225885539952,4.260138888888889,4.665,1.4016666666666668,7.221666666666666,1.626974528115568,3.4668416666666664,3.5266666666666664,2.7049999999999996,4.471666666666667,0.4443679012016478,3.2470138888888886,3.3133333333333335,1.1116666666666668,5.4783333333333335,1.2080221967406208,62.02333333333333,127.315,1,0.9166666666666666,1,1,0.9166666666666666
2013-09-25,3.8716231884057972,3.841666666666667,1.8800000000000001,7.258333333333333,1.1839542088825843,5.070277777777777,5.525833333333333,1.6283333333333334,6.638333333333333,1.4332819898679643,5.769166666666667,5.574166666666667,3.711666666666666,8.735,1.3348303190579425,5.0228472222222225,5.355,2.588333333333333,6.746666666666666,1.19035876124597,2.5843055555555554,2.6641666666666666,1.3966666666666667,3.466666666666667,0.5201987535127316,73.959,198.01399999999998,0.782608695652174,1,1,0.875,1
2013-10-02,3.6136805555555553,3.0275,0.9616666666666667,7.016666666666667,1.8281972839323046,3.0072916666666667,3.355,0.8766666666666667,5.191666666666666,1.365364952052998,1.409375,1.3275000000000001,0.7416666666666667,2.4366666666666665,0.4273499432945047,0,0,0,0,0,3.8716231884057972,3.841666666666667,1.8800000000000001,7.258333333333333,1.1839542088825843,85.76666666666667,154.92666666666668,0.9583333333333334,0.875,0.5,0.4166666666666667,0.782608695652174
2014-05-29,NA,NA,NA,NA,NA,NA,NA,NA,NA,NA,NA,NA,NA,NA,NA,NA,NA,NA,NA,NA,NA,NA,NA,NA,NA,NA,NA,NA,NA,NA,NA,NA
2014-06-05,NA,NA,NA,NA,NA,NA,NA,NA,NA,NA,NA,NA,NA,NA,NA,NA,NA,NA,NA,NA,NA,NA,NA,NA,NA,NA,NA,NA,NA,NA,NA,NA
2014-06-12,0,0,0,0,0,0,0,0,0,0,0,0,0,0,0,NA,NA,NA,NA,NA,NA,NA,NA,NA,NA,0,0,0,0,0.375,NA,NA
2014-06-19,4.0940972222222225,3.9241666666666664,1.6866666666666668,6.7316666666666665,1.3764697001923085,4.799513888888889,5.325833333333334,1.6116666666666668,7.418333333333333,1.6530174779497666,2.341458333333333,1.9024999999999999,0.8583333333333334,6.635,1.4622950587238255,1.898411111111111,1.7833333333333332,0.8316666666666668,3.55,0.7233294064320486,0,0,0,0,0,98.25833333333334,213.44666666666666,1,1,0.75,0.6666666666666666,0
2014-06-26,3.1815277777777777,3.163333333333333,0.6483333333333333,5.79,1.5375087224658646,2.988888888888889,2.51,1.1866666666666668,6.376666666666666,1.3439991577042834,4.494930555555555,4.6274999999999995,2.1616666666666666,7.464999999999999,1.4730778419014818,0,0,0,0,0,4.0940972222222225,3.9241666666666664,1.6866666666666668,6.7316666666666665,1.3764697001923085,59.90833333333333,110.88,0.7083333333333334,0.5833333333333334,0.9583333333333334,0.25,1
2014-07-02,3.252361111111111,3.138333333333333,1.24,5.7283333333333335,1.185712134076113,4.110694444444444,4.0275,1.715,6.199999999999999,1.4422855684747717,3.6197222222222223,3.6791666666666663,2.5216666666666665,4.56,0.5693412301888162,2.3843055555555557,2.368333333333333,0.9216666666666667,4.26,0.8612799312463943,2.988888888888889,2.51,1.1866666666666668,6.376666666666666,1.3439991577042834,74.02666666666667,172.68333333333334,0.875,1,1,0.8333333333333334,0.5833333333333334
2014-07-09,4.016944444444444,3.994999999999999,1.7466666666666666,7.1033333333333335,1.4766136401205348,4.356416666666666,4.2325,2.3066666666666666,7.225,1.3625246538566373,3.718297222222222,3.819166666666667,1.2083333333333333,6.305,1.3882708677742932,4.459444444444444,4.484999999999999,1.51,6.905,1.63746354951994,3.252361111111111,3.138333333333333,1.24,5.7283333333333335,1.185712134076113,90.16,189.71233333333333,0.9166666666666666,0.9583333333333334,0.9583333333333334,0.9583333333333334,0.875
2014-07-17,3.1235416666666667,2.9741666666666666,1.52,4.85,0.8336676593849301,2.126875,2.1141666666666667,1.0283333333333335,3.41,0.6969887461057515,3.0412916666666665,2.5416666666666665,0.8183333333333335,6.305,1.5130830391001546,2.7315277777777776,2.8575,1.4883333333333333,4.32,0.6339624862540809,3.033541666666667,3.2466666666666666,1.08,4.558333333333334,1.0596754940913646,74.965,119.335,1,0.7916666666666666,0.75,1,0.8333333333333334
2014-07-23,3.796736111111111,3.9358333333333335,1.5899999999999999,5.413333333333334,1.194624481572609,2.3489388888888887,2.3233333333333333,1.0466666666666666,4.26,0.8918489770371382,0,0,0,0,0,0,0,0,0,0,2.126875,2.1141666666666667,1.0283333333333335,3.41,0.6969887461057515,91.12166666666667,146.44953333333333,1,0.9583333333333334,0.20833333333333334,0,0.7916666666666666
2014-07-30,1.8629166666666668,1.7108333333333334,1.0250000000000001,3.0716666666666668,0.6284093964647707,3.601644444444444,3.8966666666666665,0.9533333333333334,5.986666666666666,1.4247246983042485,3.2728694444444444,3.1275,1.49,5.968333333333333,1.2055814462601968,2.920486111111111,2.8341666666666665,1.3033333333333332,5.918333333333334,1.127431829956773,3.796736111111111,3.9358333333333335,1.5899999999999999,5.413333333333334,1.194624481572609,32.79333333333334,118.27946666666666,0.625,0.9583333333333334,0.5,0.7916666666666666,1
2014-08-06,3.4651388888888888,3.0999999999999996,1.3616666666666668,5.545,1.3309213615734143,2.446197222222222,2.4549999999999996,0.9966666666666667,3.7116666666666664,0.9137987094238016,2.1586555555555553,2.0891666666666664,0.8683333333333334,3.518333333333333,0.7313119896127567,0,0,0,0,0,1.8629166666666668,1.7108333333333334,1.0250000000000001,3.0716666666666668,0.6284093964647707,83.16333333333333,137.0104,1,0.875,0.9583333333333334,0.375,0.625
2014-08-12,0,0,0,0,0,1.9619888888888888,2.0083333333333333,0.8450000000000001,3.3449999999999998,0.6360192163312937,2.1749305555555556,2.180833333333333,1.0083333333333333,3.4949999999999997,0.8258837279943596,2.837986111111111,2.6833333333333336,1.2533333333333334,5.18,1.1907108236256168,2.446197222222222,2.4549999999999996,0.9966666666666667,3.7116666666666664,0.9137987094238016,9.09,33.7594,0.16666666666666666,0.5,0.7083333333333334,0.875,0.875
2014-08-20,0,0,0,0,0,2.3649694444444442,2.1574999999999998,1.0283333333333335,4.3,1.0686714236749235,4.210147222222222,3.8208333333333333,1.7666666666666666,6.795,1.7197401523726688,3.5766666666666667,3.335,1.615,6.5183333333333335,1.2868937060332601,0,0,0,0,0,5.864999999999999,53.32833333333333,0.16666666666666666,0.7083333333333334,1,1,0.16666666666666666
2014-08-27,3.4251388888888887,3.3825,1.25,5.0616666666666665,0.9929653433569021,2.1377083333333333,2.0075000000000003,0.5916666666666667,4.01,0.9986952614494302,2.037916666666667,1.6991666666666667,0.6316666666666667,4.076666666666666,1.1151668762278355,2.042152777777778,1.7533333333333334,0.7933333333333333,3.701666666666666,0.9220501310900379,0,0,0,0,0,82.20333333333333,129.60999999999999,1,0.875,0.6666666666666666,0.625,0.16666666666666666
2014-09-04,2.109166666666667,2.105833333333333,1.0283333333333333,4.121666666666666,0.9367690387091462,3.6063194444444444,3.7233333333333336,1.3883333333333334,5.213333333333333,1.0545923244615447,2.4074305555555555,1.7041666666666666,0.8616666666666667,7.276666666666666,1.5259398766154217,2.040625,1.94,0.645,3.2666666666666666,0.8550059768274301,4.534027777777777,4.342499999999999,2.5566666666666666,7.328333333333333,1.484426231211852,44.64333333333333,131.195,0.8333333333333334,1,0.7083333333333334,0.7916666666666666,1
2014-09-10,0,0,0,0,0,0,0,0,0,0,0,0,0,0,0,3.2801388888888887,3.0791666666666666,1.3583333333333334,6.341666666666667,1.339746525585357,3.6063194444444444,3.7233333333333336,1.3883333333333334,5.213333333333333,1.0545923244615447,2.8566666666666665,2.8566666666666665,0.08333333333333333,0,0.2916666666666667,0.9583333333333334,1
2014-09-17,2.0728472222222223,1.9641666666666668,0.9266666666666667,3.1716666666666664,0.6910582235946154,2.0881944444444445,1.9425,0.8283333333333334,5.101666666666667,0.8956839500210338,1.7536111111111112,1.5033333333333334,0.8383333333333334,3.5683333333333334,0.7341490303145236,4.307708333333333,4.189166666666667,1.6633333333333333,13.348333333333333,2.16501424237486,0,0,0,0,0,48.821666666666665,84.37833333333333,0.9583333333333334,0.6666666666666666,0.5833333333333334,1,0.08333333333333333
2014-09-25,1.521388888888889,1.4025,0.9333333333333335,2.3716666666666666,0.4121689614927783,0,0,0,0,0,3.4609027777777777,3.6725,1.1983333333333335,5.443333333333333,1.2700024705334358,5.910347222222222,6.063333333333333,2.46,8.905,1.9768658390726548,3.514375,3.5283333333333333,1.3166666666666669,5.306666666666667,0.9600887907433933,24.555,34.28333333333333,0.6666666666666666,0.2916666666666667,0.9583333333333334,1,1
2014-10-03,0,0,0,0,0,0,0,0,0,0,0,0,0,0,0,0,0,0,0,0,2.8411805555555554,2.881666666666667,1.0333333333333334,5.241666666666667,1.1858400148677366,7.961666666666666,18.695,0.20833333333333334,0.25,0,0,0.9166666666666666
2014-10-10,3.472986111111111,3.216666666666667,1.4733333333333334,5.885,1.530493824758793,5.357986111111111,5.144166666666667,2.915,9.008333333333333,1.924058209869908,5.848055555555556,6.111666666666666,2.9883333333333333,7.993333333333334,1.2546968441390263,0,0,0,0,0,0,0,0,0,0,83.35166666666666,211.94333333333333,1,1,0.7916666666666666,0.4166666666666667,0.20833333333333334
2015-05-21,NA,NA,NA,NA,NA,NA,NA,NA,NA,NA,NA,NA,NA,NA,NA,NA,NA,NA,NA,NA,NA,NA,NA,NA,NA,NA,NA,NA,NA,NA,NA,NA
2015-05-28,NA,NA,NA,NA,NA,NA,NA,NA,NA,NA,NA,NA,NA,NA,NA,NA,NA,NA,NA,NA,NA,NA,NA,NA,NA,NA,NA,NA,NA,NA,NA,NA
2015-06-05,0,0,0,0,0,0,0,0,0,0,NA,NA,NA,NA,NA,NA,NA,NA,NA,NA,NA,NA,NA,NA,NA,3.461666666666667,NA,0.16666666666666666,0.06666666666666667,NA,NA,NA
2015-06-11,4.016637681159421,3.5916666666666663,0.4083333333333333,7.921666666666667,2.7704160171736953,0.8149305555555556,0.7883333333333333,0.3666666666666667,1.4233333333333333,0.34730865832359814,0.7072222222222222,0.7066666666666668,0.3616666666666667,1.165,0.19739344136123563,1.0595138888888889,1.0458333333333334,0.6766666666666666,1.4166666666666667,0.20656874676897988,0,0,0,0,0,93.73266666666666,109.29266666666666,1,0.75,0.875,1,0.06666666666666667
2015-06-19,3.605486111111111,3.341666666666667,1.4400000000000002,6.803333333333334,1.5494107091705644,3.0369444444444444,3.8425000000000002,0.795,4.748333333333333,1.4716859655919976,2.327663888888889,1.74,0.8250000000000001,5.443333333333333,1.3189544652278962,0,0,0,0,0,2.325572222222222,2.1425,1.0283333333333335,4.0554,0.7636223005771952,86.53166666666667,156.17666666666668,1,0.875,0.6666666666666666,0.375,0.5
2015-06-25,2.787361111111111,2.4825,1.2,4.505,1.1604568603781493,4.0152777777777775,4.3825,1.2633333333333334,6.725,1.8022978935965275,3.373263888888889,3.1441666666666666,0.8783333333333334,5.9,1.5364911936631818,2.747215277777778,2.175,0.9916666666666667,5.403333333333332,1.4101549752766551,3.0369444444444444,3.8425000000000002,0.795,4.748333333333333,1.4716859655919976,66.89666666666666,162,1,0.9583333333333334,0.5416666666666666,0.7916666666666666,0.875
2015-07-02,3.5993055555555555,3.6900000000000004,1.0366666666666668,6.626666666666667,1.553768903652706,0,0,0,0,0,1.9427083333333333,1.7891666666666666,0.5566666666666666,3.686666666666666,0.8569020446529665,2.7891416666666666,2.4000000000000004,1.3866666666666667,4.926666666666666,1.0587756991844754,2.787361111111111,2.4825,1.2,4.505,1.1604568603781493,83.475,122.565,0.9166666666666666,0.4166666666666667,0.5,1,1
2015-07-09,0,0,0,0,0,3.791736111111111,3.644166666666667,1.4633333333333334,6.051666666666667,1.1716460487565465,3.1262499999999998,2.7733333333333334,1.2550000000000001,5.881666666666667,1.5563020745803158,1.6495833333333334,1.7316666666666667,0.6483333333333334,2.7733333333333334,0.5969101701326,3.5993055555555555,3.6900000000000004,1.0366666666666668,6.626666666666667,1.553768903652706,9.956666666666667,100.95833333333333,0.25,1,0.5,0.6666666666666666,0.9166666666666666
2015-07-16,3.1349305555555556,2.6525,1.1483333333333334,5.7,1.520890636535424,3.7574305555555556,3.4366666666666665,1.0916666666666668,6.881666666666666,1.8524601724787413,0,0,0,0,0,0,0,0,0,0,0,0,0,0,0,72.59833333333333,160.31333333333333,0.9166666666666666,0.9166666666666666,0,0.125,0.25
2015-07-23,3.547152777777778,3.3925,1.6216666666666666,6.301666666666667,0.959469393314307,3.64,3.6725000000000003,2.21,5.736666666666667,0.9294802713770891,2.7779166666666666,2.359166666666667,1.0966666666666667,5.195,1.5009524552586135,2.5877777777777777,1.7966666666666666,1.0450000000000002,5.35,1.3725587609770822,3.1349305555555556,2.6525,1.1483333333333334,5.7,1.520890636535424,85.13166666666666,172.49166666666667,1,1,0.9583333333333334,0.9583333333333334,0.9166666666666666
2015-07-30,3.175763888888889,3.2625,0.925,5.99,1.488187058002278,2.0120138888888888,2.1608333333333336,1.0616666666666668,3.0833333333333335,0.6212860627596501,2.0480555555555555,1.7733333333333334,0.9850000000000001,3.2066666666666666,0.7334365320447586,0,0,0,0,0,3.547152777777778,3.3925,1.6216666666666666,6.301666666666667,0.959469393314307,76.21833333333333,123.40666666666667,1,0.9583333333333334,0.9166666666666666,0.3333333333333333,1
2015-08-06,3.694444444444444,3.5391666666666666,1.305,5.668333333333333,1.1398448562397852,3.6891666666666665,3.3308333333333335,1.5516666666666665,6.37,1.395670323598633,2.537847222222222,2.28,1.045,5.404999999999999,1.0909463249201046,3.873125,3.293333333333333,1.1933333333333334,7.283333333333333,1.9664986609951334,3.175763888888889,3.2625,0.925,5.99,1.488187058002278,88.66666666666667,177.20666666666665,1,1,1,0.8333333333333334,1
2015-08-13,3.1195138888888887,3.0266666666666664,1.0333333333333334,5.116666666666666,1.1597486899985276,3.3058805555555555,3.043333333333333,1.95,4.748333333333333,0.8020513376365062,0,0,0,0,0,3.130486111111111,3.1733333333333333,0.825,4.908333333333333,1.287392552541677,3.694444444444444,3.5391666666666666,1.305,5.668333333333333,1.1398448562397852,72.70833333333333,152.04946666666666,0.9166666666666666,1,0.4166666666666667,0.75,1
2015-08-20,0,0,0,0,0,2.9431249999999998,2.8433333333333333,0.5566666666666666,5.148333333333333,1.1486010512793379,1.877361111111111,1.9525,0.8950000000000001,2.868333333333333,0.5946339995305898,2.0681249999999998,1.715,0.6799999999999999,4.095,1.0806105485366573,3.1195138888888887,3.0266666666666664,1.0333333333333334,5.116666666666666,1.1597486899985276,5.546666666666667,59.1,0.08333333333333333,0.7083333333333334,0.625,0.7916666666666666,0.9166666666666666
2015-08-25,0,0,0,0,0,0,0,0,0,0,0,0,0,0,0,0,0,0,0,0,1.877361111111111,1.9525,0.8950000000000001,2.868333333333333,0.5946339995305898,1.8716666666666666,13.591666666666665,0.041666666666666664,0.16666666666666666,0.2916666666666667,0.4166666666666667,0.625
2015-09-03,2.6586805555555557,2.5858333333333334,1.8450000000000002,4.078333333333333,0.6559114282668651,2.181111111111111,2.1108333333333333,0.7183333333333334,3.8233333333333333,0.8210366174624434,1.929861111111111,1.7766666666666666,0.9933333333333334,3.5416666666666665,0.7496225969394131,4.095625,3.626666666666667,1.04,7.071666666666667,1.7459585363773082,3.8729166666666663,4.096666666666666,2.5233333333333334,4.955,0.7357908837690782,59.153333333333336,109.22333333333333,0.9166666666666666,0.9166666666666666,0.625,1,1
2015-09-10,2.371111111111111,2.2666666666666666,1.1733333333333333,4.951666666666666,0.9262230022621358,3.1456944444444446,3.0108333333333333,0.9683333333333334,6.275,1.6635745168485512,2.5184027777777778,2.6116666666666664,0.9433333333333334,4.086666666666667,0.8277922268378729,3.7735416666666666,3.4558333333333335,1.9316666666666666,5.696666666666666,1.0727793953272253,2.6586805555555557,2.5858333333333334,1.8450000000000002,4.078333333333333,0.6559114282668651,21.923333333333332,93.76333333333334,0.5,0.875,0.7083333333333334,1,0.9166666666666666
2015-09-17,2.255733333333333,2.466666666666667,0.8726,3.493333333333333,0.9482972323940334,2.1193055555555556,2.1625,0.7616666666666667,3.883333333333333,0.8783820651259584,4.183958333333333,4.14,1.4,6.6466666666666665,1.398997554539927,4.747083333333333,4.955833333333333,3.006666666666667,6.51,0.9268750743124138,2.371111111111111,2.2666666666666666,1.1733333333333333,4.951666666666666,0.9262230022621358,51.345,102.20833333333333,0.875,1,1,1,0.5
2015-09-24,3.284375,3.0324999999999998,1.3,5.795,1.4170792930623488,2.603194444444444,2.515,1.1116666666666666,4.673333333333333,1.008792495368475,0,0,0,0,0,0,0,0,0,0,2.255733333333333,2.466666666666667,0.8726,3.493333333333333,0.9482972323940334,77.18666666666667,138.53,0.9583333333333334,0.9583333333333334,0.25,0.4166666666666667,0.875
2015-10-02,0,0,0,0,0,4.7325,4.491666666666666,2.243333333333333,7.523333333333333,1.497000221054008,4.8746527777777775,4.678333333333333,1.0233333333333334,9.191666666666666,2.5848441575149734,2.9752083333333332,3.3491666666666666,0.7250000000000001,5.061666666666666,1.4489007421170184,0,0,0,0,0,39.60166666666667,148.98166666666665,0.375,0.9583333333333334,0.5833333333333334,0.7083333333333334,0.125
2016-05-26,2.414722222222222,2.3441666666666667,1.3483333333333334,4.013333333333334,0.6876850943927166,2.9116666666666666,2.8841666666666668,1.1933333333333336,6.053333333333333,1.3969995452642776,0,0,0,0,0,1.921736111111111,1.9,0.8083333333333333,3.2816666666666667,0.768110562059593,0,0,0,0,0,44.01166666666667,113.89166666666667,0.7916666666666666,1,0.20833333333333334,0.5,0.3333333333333333
2016-06-03,0,0,0,0,0,0,0,0,0,0,0,0,0,0,0,4.027222222222222,3.77,1.2283333333333335,7.0616666666666665,2.0359405752047124,0,0,0,0,0,16.425,16.425,0.25,0,0.2916666666666667,0.9583333333333334,0.2916666666666667
2016-06-09,6.203194444444445,6.153333333333334,3.9883333333333333,8.698333333333334,1.376984813982641,5.155625,5.235833333333333,3.7133333333333334,6.756666666666667,0.8817227335533173,2.225625,2.25,0.805,4.428333333333333,0.9973046783088965,3.6615277777777777,3.4025,0.9533333333333334,6.391666666666667,1.9115155681581013,0,0,0,0,0,148.87666666666667,272.6116666666667,1,1,0.5833333333333334,0.7083333333333334,0
2016-06-16,0,0,0,0,0,3.4811111111111113,3.3533333333333335,0.8766666666666667,6.826666666666666,1.9867931500118419,5.00625,5.1175,2.4566666666666666,7.28,1.5068273168488593,5.753611111111111,5.764166666666666,4.216666666666667,7.7,0.8052964267545457,6.203194444444445,6.153333333333334,3.9883333333333333,8.698333333333334,1.376984813982641,6.883333333333333,85.78333333333333,0.125,0.7916666666666666,1,1,1
2016-06-23,2.3069444444444445,2.34,1.0366666666666666,3.745,0.7795820859046506,2.6731249999999998,1.9183333333333334,0.8200000000000001,6.47,1.5654610156197184,4.478125,4.615,1.4833333333333334,7.221666666666667,1.6478457106510644,3.740763888888889,3.8208333333333333,1.5650000000000002,5.84,1.3730017521448814,0,0,0,0,0,51.945,112.7,0.9166666666666666,0.875,0.9583333333333334,1,0.125
2016-06-30,2.51375,2.5683333333333334,1.08,4.2749999999999995,0.9584246648350881,2.599861111111111,2.2308333333333334,1.0033333333333334,4.71,1.111138698329023,3.9755555555555553,3.7891666666666666,1.6883333333333335,7.123333333333333,1.2938285943516616,4.243819444444444,4.190833333333333,2.5416666666666665,6.703333333333333,1.1758442828778348,2.3069444444444445,2.34,1.0366666666666666,3.745,0.7795820859046506,55.54833333333333,103.39999999999999,0.8333333333333334,0.625,0.625,0.9583333333333334,0.9166666666666666
2016-07-07,0,0,0,0,0,2.2475,2.4008333333333334,0.6766666666666666,3.9299999999999997,0.9873614377195679,1.9084722222222221,1.3691666666666666,0.525,4.598333333333334,1.1634870664447539,2.4591666666666665,2.693333333333333,0.9316666666666666,3.913333333333333,0.973426390230955,2.51375,2.5683333333333334,1.08,4.2749999999999995,0.9584246648350881,9.826666666666664,60.788333333333334,0.125,0.875,0.625,0.9166666666666666,0.8333333333333334
2016-07-14,4.2844444444444445,4.27,1.1166666666666667,6.178333333333333,1.5259761005930992,3.5638194444444444,3.383333333333333,1.3616666666666668,6.135,1.3711099984385042,2.243958333333333,2.5008333333333335,0.9016666666666667,3.5116666666666667,0.819513201283112,3.2284027777777777,3.456666666666666,1.0366666666666668,6.015,1.1180343645784871,0,0,0,0,0,102.82666666666667,184.05166666666665,1,0.875,0.8333333333333334,1,0.125
2016-07-21,2.636458333333333,2.375,1.155,4.77,1.0444375682333522,3.66,3.9366666666666665,1.4833333333333332,5.775,1.0621285937957108,4.039375,3.580833333333333,1.3466666666666667,6.598333333333333,1.5669212568733457,3.6427277777777776,4.0441666666666665,0.7933333333333333,5.64,1.5887459304931721,4.2844444444444445,4.27,1.1166666666666667,6.178333333333333,1.5259761005930992,62.12,149.96,0.9583333333333334,1,1,0.7916666666666666,1
2016-07-27,2.113402777777778,2.24,0.7083333333333334,3.015,0.7934882139593703,3.926388888888889,4.428333333333333,1.4683333333333333,5.423333333333333,1.2828217187110527,1.6471527777777777,1.2233333333333334,0.47000000000000003,3.7,0.9555457857114865,3.067986111111111,3.208333333333333,1.05,5.346666666666667,1.4552863804331,3.66,3.9366666666666665,1.4833333333333332,5.775,1.0621285937957108,47.531666666666666,141.765,0.875,1,0.625,0.8333333333333334,1
2016-08-04,1.9427083333333333,2.03,1.0116666666666667,2.8049999999999997,0.4494311521326112,1.7707638888888888,1.8224999999999998,0.525,2.973333333333333,0.7233326619857077,0,0,0,0,0,0,0,0,0,0,2.3713194444444445,2.1991666666666667,0.885,4.2,1.0830015076163073,44.324999999999996,83.67333333333333,0.9166666666666666,0.9166666666666666,0.2916666666666667,0.041666666666666664,0.875
2016-08-10,2.242638888888889,2.220833333333333,0.8350000000000001,3.71,0.8104114057303501,2.2180555555555554,2.1908333333333334,1.3033333333333335,3.518333333333333,0.605255299403249,3.0743055555555556,3.0808333333333335,1.4516666666666667,4.99,0.9418629289724831,3.5033333333333334,3.216666666666667,1.83,4.903333333333333,0.9464830654780438,1.7707638888888888,1.8224999999999998,0.525,2.973333333333333,0.7233326619857077,48.565,100.235,0.875,0.9583333333333334,1,0.9583333333333334,0.9166666666666666
2016-08-15,2.813611111111111,2.7199999999999998,1.04,5.095,1.0766412778747767,3.580972222222222,3.5091666666666663,1.6533333333333333,5.513333333333333,1.2059240765578487,0,0,0,0,0,4.035208333333333,4.2425,1.1283333333333334,6.27,1.6730875817360609,3.0743055555555556,3.0808333333333335,1.4516666666666667,4.99,0.9418629289724831,67.52666666666666,147.07833333333332,1,0.875,0.125,0.9583333333333334,1
2016-08-22,4.683194444444444,4.480833333333333,2.295,7.928333333333334,1.6286891172782916,0,0,0,0,0,0,0,0,0,0,2.2049305555555554,2.1333333333333333,1.0833333333333335,4.333333333333333,0.8169305221740593,2.813611111111111,2.7199999999999998,1.04,5.095,1.0766412778747767,112.39666666666666,112.39666666666666,1,0,0.125,0.75,1
2016-08-31,3.0530555555555554,3.3116666666666665,1.05,4.4366666666666665,0.9475122099919008,2.410347222222222,2.541666666666666,0.8333333333333334,3.533333333333333,0.7221878626627947,4.480486111111111,3.7575000000000003,1.5766666666666667,7.793333333333333,2.0726616228167254,0,0,0,0,0,2.6291666666666664,2.6166666666666663,1.3933333333333333,3.6533333333333333,0.6506826589861713,73.27333333333333,130.28833333333333,1,0.9583333333333334,1,0.4166666666666667,1
2016-09-07,0,0,0,0,0,0,0,0,0,0,0,0,0,0,0,0,0,0,0,0,3.0530555555555554,3.3116666666666665,1.05,4.4366666666666665,0.9475122099919008,3.9916666666666667,3.9916666666666667,0.08333333333333333,0,0.16666666666666666,0.20833333333333334,1
2016-09-14,4.1375,4.1258333333333335,1.6483333333333334,7.496666666666667,1.8318729361247412,2.846736111111111,2.3949999999999996,1.1316666666666668,5.47,1.372847500878476,2.6180555555555554,2.6258333333333335,1.2183333333333335,4.953333333333333,0.9721652295234405,4.223194444444444,4.383333333333333,1.7833333333333332,7.795,1.7098466550354476,0,0,0,0,0,99.3,165.00333333333333,1,0.9166666666666666,0.9166666666666666,0.75,0.08333333333333333
2016-09-21,2.669652777777778,2.6216666666666666,1.5816666666666666,4.221666666666667,0.6802952930816514,2.076388888888889,1.87,0.9916666666666667,3.876666666666666,0.7285306612048801,0,0,0,0,0,3.3991666666666664,3.2874999999999996,1.1400000000000001,6.1033333333333335,1.4534634631277605,4.1375,4.1258333333333335,1.6483333333333334,7.496666666666667,1.8318729361247412,64.07166666666667,112.51833333333333,1,0.9583333333333334,0.125,1,1
2016-09-28,0,0,0,0,0,0,0,0,0,0,2.9543055555555555,3.0249999999999995,1.3866666666666667,4.58,1.0247286569872465,4.2472916666666665,3.6416666666666666,1.8633333333333333,7.218333333333334,1.786381034686317,2.669652777777778,2.6216666666666666,1.5816666666666666,4.221666666666667,0.6802952930816514,0,33.016666666666666,0,0.4583333333333333,0.6666666666666666,1,1
2016-10-05,0,0,0,0,0,0,0,0,0,0,2.4919444444444445,2.38,0.8266666666666668,5.17,1.1795165703687918,0,0,0,0,0,0,0,0,0,0,10.395,10.395,0.34782608695652173,0,0.5833333333333334,0.25,0
